fips,age_adjusted
01001,937.6
01003,806
01005,964.8
01007,1025.2
01009,946
01011,1026.5
01013,1018.5
01015,1076.4
01017,1038.5
01019,982.1
01021,1023.6
01023,938.5
01025,958.8
01027,1000.1
01029,1010.4
01031,904.2
01033,969.3
01035,1022.7
01037,972.2
01039,1002.2
01041,1029.5
01043,1019.7
01045,923.2
01047,1147.4
01049,992.4
01051,937.5
01053,1055
01055,1098.1
01057,1030.5
01059,1089
01061,993.1
01063,968.2
01065,1030.9
01067,941.1
01069,898.9
01071,1046.6
01073,982.8
01075,998.1
01077,901.9
01079,1046.8
01081,865
01083,860.6
01085,1101.5
01087,1077.5
01089,827.6
01091,1000.4
01093,1005.5
01095,1034.8
01097,980.6
01099,950.4
01101,919.5
01103,956.1
01105,1120.8
01107,1011.8
01109,999.4
01111,999.6
01113,1068.8
01115,998.6
01117,729.3
01119,967.9
01121,1059.5
01123,1001
01125,943.5
01127,1238.5
01129,971
01131,1083.8
01133,1001.7
02013,348.8
02016,650.5
02020,729.9
02050,1053.4
02060,872.8
02068,678.4
02070,979.2
02090,719.7
02100,646
02105,616.9
02110,680.7
02122,746.7
02130,771
02150,702.3
02164,1137.8
02170,767.4
02180,1106
02185,1005
02188,964.2
02195,688.4
02198,912.9
02201,807.3
02220,690.8
02230,455.3
02232,635.8
02240,808.8
02261,837.1
02270,1246.5
02275,667.1
02280,836.9
02282,613.1
02290,1011.1
04001,967.7
04003,771.7
04005,715.1
04007,904.6
04009,842.9
04011,736.5
04012,741
04013,703.8
04015,915.8
04017,900.5
04019,735.8
04021,642.8
04023,591
04025,743.1
04027,610.6
05001,1038.3
05003,1001
05005,877.7
05007,719.6
05009,860.8
05011,1030.1
05013,921.9
05015,825.5
05017,1032.8
05019,955.9
05021,1034.8
05023,853.3
05025,949.4
05027,1001.2
05029,926.6
05031,921
05033,930.8
05035,1111.3
05037,1046.3
05039,1022.7
05041,1061.8
05043,929.1
05045,878.1
05047,939.3
05049,911.2
05051,945.2
05053,939.8
05055,992.9
05057,932.6
05059,965.1
05061,1030
05063,933.3
05065,905.5
05067,1078
05069,1024.8
05071,897.3
05073,995.1
05075,1014.2
05077,1027.5
05079,914.1
05081,1017.2
05083,982
05085,962.6
05087,919.8
05089,879.2
05091,941.7
05093,1167.1
05095,1076.3
05097,883.8
05099,988.2
05101,837.5
05103,1066.6
05105,937.3
05107,1187.3
05109,956
05111,1173.3
05113,955.6
05115,880.1
05117,905.1
05119,895
05121,938.3
05123,1050.3
05125,813.1
05127,951.5
05129,896.6
05131,908.9
05133,952.8
05135,953.7
05137,859
05139,1062.9
05141,843.6
05143,818.9
05145,947.3
05147,1102.9
05149,974.2
06001,641.5
06003,939.4
06005,723.9
06007,823.9
06009,704.3
06011,702
06013,641.7
06015,908.3
06017,652.4
06019,778.2
06021,813.4
06023,861.6
06025,677.5
06027,753.3
06029,872.6
06031,757.8
06033,939.1
06035,771.5
06037,657.3
06039,745.7
06041,528.7
06043,689.1
06045,764.9
06047,780.5
06049,818.7
06051,434.1
06053,618
06055,683
06057,649
06059,606.3
06061,639
06063,778.4
06065,710.1
06067,752.9
06069,618.9
06071,817
06073,657.9
06075,613.1
06077,804.4
06079,649.9
06081,554.9
06083,630.2
06085,551.1
06087,633.3
06089,900
06091,745.3
06093,849.3
06095,724.5
06097,663.2
06099,827
06101,782.9
06103,835.7
06105,854.1
06107,810.9
06109,759.9
06111,631.5
06113,695.8
06115,939.9
08001,789.8
08003,868
08005,670.4
08007,572.3
08009,849.8
08011,882.9
08013,611.6
08014,612.8
08015,639.5
08017,731.9
08019,582.3
08021,811.9
08023,779.2
08025,832.5
08027,623.8
08029,771.1
08031,782.7
08033,720.7
08035,544.8
08037,368.2
08039,617.2
08041,741.1
08043,843.5
08045,697.9
08047,652.1
08049,542.1
08051,607.5
08053,430.6
08055,886.2
08057,652
08059,694.1
08061,802.3
08063,731.1
08065,674.8
08067,614.7
08069,633.1
08071,815.7
08073,713
08075,758
08077,773.9
08079,597.2
08081,806.5
08083,827.7
08085,707.8
08087,781.7
08089,927.5
08091,509
08093,540.7
08095,700.8
08097,313.4
08099,864.4
08101,850.9
08103,758.2
08105,849.4
08107,553.2
08109,678
08111,554.6
08113,413.1
08115,856.7
08117,310.7
08119,659.5
08121,721
08123,709.7
08125,751.4
09001,627.3
09003,714.9
09005,697.7
09007,666.4
09009,725.4
09011,724.1
09013,647.9
09015,787.5
10001,839.5
10003,785.6
10005,773.5
11001,861.2
12001,777.8
12003,967.9
12005,872.5
12007,898.7
12009,767.2
12011,680.3
12013,937.1
12015,652.7
12017,847.9
12019,835.8
12021,499.7
12023,950.1
12027,697
12029,946.2
12031,901.4
12033,919
12035,684.2
12037,872
12039,928.6
12041,847.7
12043,624.8
12045,894.6
12047,927.6
12049,734.7
12051,820.6
12053,826.5
12055,716.3
12057,780.5
12059,1016.7
12061,657.9
12063,946.5
12065,865.3
12067,863.9
12069,731.3
12071,618.2
12073,753.7
12075,941
12077,917.8
12079,956.6
12081,654.7
12083,819.1
12085,613
12086,662.1
12087,715.2
12089,817.6
12091,811.6
12093,877.3
12095,725.9
12097,735.3
12099,613
12101,802.8
12103,756
12105,776.1
12107,967
12109,645.8
12111,701.9
12113,831.7
12115,617
12117,693.1
12119,614.7
12121,935.4
12123,943.4
12125,1455.5
12127,820.4
12129,912.9
12131,805.4
12133,1013.3
13001,1020.6
13003,1092.1
13005,1163.7
13007,787.3
13009,938.5
13011,842.9
13013,905.8
13015,930.9
13017,1121.1
13019,997.8
13021,1044.7
13023,937.2
13025,990.3
13027,1000.3
13029,948.9
13031,895.7
13033,1074.6
13035,1037.5
13037,1001.1
13039,820.1
13043,1082.9
13045,994.5
13047,827.9
13049,892.5
13051,855
13053,875.7
13055,1038.8
13057,741.1
13059,803.3
13061,1023.7
13063,890.5
13065,1173
13067,726.6
13069,1004
13071,1010.9
13073,717.7
13075,1043.1
13077,829.5
13079,918.3
13081,977.8
13083,968.8
13085,870.6
13087,1034
13089,728.9
13091,995.2
13093,804.9
13095,966.4
13097,881.8
13099,1041.1
13101,791
13103,896.6
13105,1013.2
13107,1132.6
13109,1020.2
13111,870.7
13113,672.4
13115,965.9
13117,664.8
13119,997.9
13121,816.6
13123,807.3
13125,1055.6
13127,860.2
13129,968.7
13131,930.4
13133,845.7
13135,695.7
13137,831.6
13139,786.1
13141,946.3
13143,1083.8
13145,740.2
13147,880
13149,957
13151,864.8
13153,856.2
13155,946.5
13157,960.5
13159,920.7
13161,1109.8
13163,1117.4
13165,1025.5
13167,903.7
13169,792.9
13171,1021.8
13173,950
13175,966.7
13177,876.5
13179,902.6
13181,934.8
13183,796.2
13185,936.6
13187,835.9
13189,1054.6
13191,719
13193,1063.1
13195,960.2
13197,908.5
13199,1001.7
13201,1007.3
13205,996.4
13207,850.3
13209,993.1
13211,823.3
13213,983.4
13215,1008.4
13217,906.8
13219,694.5
13221,806.7
13223,806.4
13225,1085.3
13227,845.6
13229,1017.4
13231,940.1
13233,1099
13235,847.7
13237,844.2
13239,911.8
13241,824.4
13243,953.1
13245,1047.6
13247,830.3
13249,836
13251,995.7
13253,1017.3
13255,1015.1
13257,1094.9
13259,986.1
13261,1011.8
13263,1034.2
13265,984
13267,1020
13269,1002.8
13271,868.2
13273,1044.5
13275,954.2
13277,970
13279,1038.1
13281,800.1
13283,1003.9
13285,980.4
13287,1077.7
13289,1040
13291,770.3
13293,1112
13295,995.7
13297,892.6
13299,1043
13301,1039.3
13303,974.1
13305,1035.1
13307,735.1
13309,841.9
13311,788.6
13313,871.2
13315,984.6
13317,970.8
13319,1014.5
13321,900.7
15001,668.4
15003,601.9
15005,447.6
15007,613.3
15009,601.7
16001,690.2
16003,655.6
16005,854.4
16007,797.3
16009,946.8
16011,807.9
16013,493.7
16015,604
16017,745.1
16019,806.1
16021,778.6
16023,777.9
16025,576.7
16027,765.3
16029,797.6
16031,802.4
16033,704.9
16035,777.2
16037,670.2
16039,818.1
16041,712.8
16043,755.1
16045,834.3
16047,788.6
16049,715.3
16051,717.4
16053,789.5
16055,744.9
16057,642.3
16059,775.9
16061,745.1
16063,792.9
16065,733.5
16067,794.1
16069,836.2
16071,695.1
16073,764.6
16075,797.9
16077,809.2
16079,970.6
16081,589.2
16083,822.9
16085,592.5
16087,781.5
17001,820.6
17003,1046.7
17005,799.2
17007,743.8
17009,808.8
17011,770.1
17013,753.2
17015,781.2
17017,892.2
17019,697.9
17021,854.2
17023,889.6
17025,879.4
17027,747.6
17029,835.8
17031,783.4
17033,853.2
17035,790.3
17037,758.6
17039,900.7
17041,779.5
17043,639.4
17045,898.8
17047,848.3
17049,805.8
17051,810.6
17053,916.6
17055,999.5
17057,875.3
17059,1003
17061,878.6
17063,817.6
17065,843.6
17067,718.5
17069,1037.7
17071,765.7
17073,773.5
17075,870.5
17077,814.9
17079,747.9
17081,880.6
17083,871.2
17085,668.6
17087,819.7
17089,679.1
17091,890.2
17093,662.4
17095,886.9
17097,676.5
17099,850.9
17101,942.1
17103,814.8
17105,835.3
17107,847
17109,779.6
17111,737.3
17113,733.1
17115,835.7
17117,857.4
17119,879.6
17121,945.1
17123,853.3
17125,894.9
17127,950.8
17129,790.9
17131,764.8
17133,705.1
17135,844.8
17137,834
17139,859.9
17141,761.7
17143,827.3
17145,862
17147,746.9
17149,817.8
17151,781.4
17153,1013.5
17155,716.6
17157,854.5
17159,822.9
17161,797.2
17163,899.2
17165,1068.7
17167,813
17169,805.5
17171,806.6
17173,731.8
17175,860.1
17177,758.5
17179,801.1
17181,940.4
17183,936.6
17185,785.9
17187,818.8
17189,782.2
17191,854.7
17193,942.1
17195,800.8
17197,741.4
17199,900
17201,825.5
17203,723.5
18001,737.9
18003,811.4
18005,833.3
18007,809.6
18009,904.8
18011,826.2
18013,762.8
18015,722.2
18017,863
18019,960.6
18021,937.6
18023,886
18025,950.9
18027,890.8
18029,830.6
18031,861.7
18033,845.7
18035,917
18037,777.9
18039,784.9
18041,1006.9
18043,916.2
18045,898.8
18047,779.8
18049,897.9
18051,845.6
18053,940.3
18055,902.7
18057,650.5
18059,805.7
18061,843.8
18063,752.6
18065,927.4
18067,924.1
18069,867.7
18071,925.3
18073,828.6
18075,905.3
18077,942.6
18079,984.7
18081,843.5
18083,954.5
18085,795.2
18087,747.3
18089,896.6
18091,896.8
18093,904.7
18095,927.2
18097,916
18099,782.8
18101,862.3
18103,855.4
18105,723.8
18107,843.3
18109,911.4
18111,878.8
18113,852.9
18115,806.3
18117,932
18119,954.3
18121,783.8
18123,846.6
18125,889
18127,803.8
18129,786.3
18131,905.6
18133,822.8
18135,858
18137,839.3
18139,878.6
18141,833.6
18143,1149.3
18145,864.6
18147,781.3
18149,1034.5
18151,768.2
18153,959.4
18155,885.6
18157,778.2
18159,795.5
18161,848.2
18163,887.5
18165,981
18167,949.4
18169,867
18171,799.6
18173,812.1
18175,953
18177,949.4
18179,770.9
18181,847
18183,772.8
19001,775.7
19003,758.6
19005,758.2
19007,847.6
19009,731.3
19011,683.9
19013,767.3
19015,800.8
19017,631.6
19019,764.5
19021,675.7
19023,750.1
19025,749.9
19027,709.4
19029,833.1
19031,644.1
19033,775.1
19035,731.3
19037,712.8
19039,824
19041,710.8
19043,700.9
19045,820.1
19047,709.5
19049,641.1
19051,739.1
19053,791.1
19055,682.2
19057,775.3
19059,653.5
19061,726.9
19063,761.3
19065,768.1
19067,740.3
19069,722.5
19071,793.2
19073,739.6
19075,683.1
19077,735.5
19079,714.5
19081,676.4
19083,751.6
19085,873.2
19087,778.4
19089,742.2
19091,707.2
19093,798.2
19095,711.4
19097,756.2
19099,737.3
19101,698.8
19103,607.9
19105,671.8
19107,716
19109,655.8
19111,880.4
19113,705.3
19115,771.8
19117,760.5
19119,666.2
19121,745.2
19123,735.5
19125,762
19127,881.2
19129,813.3
19131,660.2
19133,880.1
19135,858.7
19137,848.3
19139,806.9
19141,750
19143,732.3
19145,799.6
19147,777.9
19149,704.7
19151,762.5
19153,765.7
19155,840.8
19157,751.4
19159,794.5
19161,743.1
19163,774.8
19165,685.4
19167,579.3
19169,618.4
19171,765.4
19173,736.4
19175,820.8
19177,824.3
19179,871.1
19181,746.3
19183,717.7
19185,823.2
19187,876.6
19189,716.9
19191,596.7
19193,841.3
19195,749.4
19197,726.7
20001,906.4
20003,786.1
20005,863.2
20007,848.3
20009,797.6
20011,904.4
20013,894.6
20015,839.6
20017,792.6
20019,873.9
20021,1019.7
20023,703.4
20025,791
20027,731.5
20029,847
20031,850.6
20033,958.9
20035,928.7
20037,936.9
20039,769.4
20041,803
20043,782.6
20045,701.5
20047,937.5
20049,893.2
20051,740
20053,802
20055,737.6
20057,804.9
20059,843.1
20061,897
20063,731.4
20065,749.9
20067,811.1
20069,758.4
20071,891.9
20073,926.7
20075,906.5
20077,936.2
20079,755.1
20081,744.9
20083,710.7
20085,807
20087,762.2
20089,710.9
20091,644.2
20093,867.1
20095,959.5
20097,735
20099,943.1
20101,921.2
20103,799.4
20105,767.5
20107,824.7
20109,765.3
20111,786.8
20113,777.5
20115,764.6
20117,749.9
20119,764.7
20121,760.4
20123,783.9
20125,942.1
20127,752.6
20129,853.5
20131,727.1
20133,865.5
20135,783.5
20137,752.1
20139,865.4
20141,803.6
20143,850.8
20145,797.6
20147,813.3
20149,742.4
20151,813.6
20153,745.7
20155,801.3
20157,810.7
20159,882.8
20161,673.5
20163,801.4
20165,842.2
20167,797.4
20169,801.7
20171,769
20173,839
20175,767.7
20177,844.4
20179,716.9
20181,831.6
20183,742.9
20185,846.8
20187,723.2
20189,739
20191,862.4
20193,760.6
20195,805.1
20197,761.2
20199,692
20201,720.3
20203,751.5
20205,924.9
20207,927
20209,967.3
21001,885.4
21003,982
21005,907.5
21007,982.8
21009,919.4
21011,1047.6
21013,1149.4
21015,792.7
21017,888
21019,997.6
21021,884.1
21023,1027.1
21025,1266.7
21027,955.7
21029,791.9
21031,973.6
21033,967.8
21035,866
21037,885.5
21039,952.5
21041,1106.5
21043,1008.8
21045,987.1
21047,975.3
21049,942.4
21051,1169.5
21053,1058.5
21055,1028.3
21057,1076.9
21059,865.8
21061,848.5
21063,898.4
21065,1110.7
21067,799.3
21069,1042.8
21071,1213.8
21073,912.2
21075,1149
21077,1200.8
21079,848.8
21081,1002.9
21083,958.4
21085,1049
21087,913.6
21089,980.8
21091,878.2
21093,865.4
21095,1258.4
21097,975
21099,1017.6
21101,939
21103,985.4
21105,883.6
21107,1029.8
21109,1110.9
21111,899.5
21113,834.5
21115,1120.4
21117,905.4
21119,1076.2
21121,1099.6
21123,914.1
21125,989.8
21127,1141
21129,1221.5
21131,1199.1
21133,1179.7
21135,1056.2
21137,989.5
21139,1004.8
21141,956.3
21143,915.3
21145,908.4
21147,1134.4
21149,987.8
21151,890.4
21153,1127.9
21155,915.6
21157,925.2
21159,1088
21161,1028.3
21163,874.1
21165,999.1
21167,971.4
21169,1070.2
21171,1105.7
21173,943.8
21175,945.3
21177,997.8
21179,888.9
21181,1123.6
21183,954
21185,755.3
21187,916.7
21189,1322.4
21191,981.6
21193,1327.9
21195,1148.6
21197,1267.8
21199,998.1
21201,1022.1
21203,1037.9
21205,962.7
21207,981.6
21209,860.8
21211,806
21213,969.7
21215,863.3
21217,966
21219,993.9
21221,907.4
21223,975.5
21225,1036.7
21227,874.8
21229,883.2
21231,936.6
21233,1007.8
21235,1182
21237,1243.7
21239,833.9
22001,1029.2
22003,890
22005,822.2
22007,856.7
22009,1051.1
22011,992.6
22013,1059.3
22015,854.5
22017,966.8
22019,992.3
22021,1089.6
22023,736
22025,1116.4
22027,922
22029,1043
22031,963.7
22033,902.3
22035,1148.3
22037,1147.8
22039,1086
22041,1068.4
22043,1008.1
22045,989.2
22047,980.5
22049,963
22051,863.1
22053,1041.8
22055,840.7
22057,862.8
22059,1015.1
22061,846
22063,913.4
22065,1202.1
22067,1137.4
22069,959.6
22071,948.1
22073,976.4
22075,888.3
22077,923.3
22079,998.3
22081,1060.7
22083,1029.7
22085,925.7
22087,1060.2
22089,873.9
22091,982
22093,880.2
22095,976.9
22097,1061.6
22099,923.3
22101,995.2
22103,830.3
22105,1029.3
22107,949.8
22109,947.6
22111,969.2
22113,897.4
22115,971.1
22117,1108.9
22119,1031.3
22121,873.2
22123,998.6
22125,804.2
22127,1049.1
23001,839.4
23003,820.5
23005,722.8
23007,784.2
23009,749.4
23011,814.6
23013,738.4
23015,717.4
23017,826.1
23019,836.2
23021,862
23023,732.5
23025,857
23027,780.3
23029,913.3
23031,731.1
24001,894.4
24003,770.7
24005,786.3
24009,765
24011,918.7
24013,787.6
24015,903
24017,793.5
24019,894.8
24021,708.4
24023,798.1
24025,776.2
24027,589.1
24029,793.4
24031,526.9
24033,796.2
24035,731.7
24037,786.5
24039,912.6
24041,685.8
24043,840
24045,887.5
24047,750.3
24510,1133.7
25001,690.6
25003,748.7
25005,775.7
25007,633
25009,714.1
25011,718.7
25013,798.7
25015,700.2
25017,655.5
25019,642.1
25021,665
25023,754.3
25025,736.2
25027,761.6
26001,845.6
26003,767.5
26005,789.1
26007,818.7
26009,711
26011,879.1
26013,869.5
26015,776.6
26017,829.8
26019,735.7
26021,833.1
26023,854.5
26025,908.8
26027,804.9
26029,724.8
26031,770.6
26033,775.1
26035,960.6
26037,684.3
26039,830.6
26041,769
26043,763.8
26045,761.8
26047,724.1
26049,920.3
26051,866.4
26053,796.2
26055,704
26057,853.4
26059,826.4
26061,825.1
26063,831
26065,796
26067,824.1
26069,888.5
26071,815.9
26073,796.7
26075,856
26077,775.7
26079,899.7
26081,737.1
26083,689.1
26085,891
26087,830.5
26089,568.6
26091,819.7
26093,714.1
26095,831.4
26097,797.7
26099,809.2
26101,805.9
26103,793.2
26105,797.3
26107,791
26109,750.2
26111,694.5
26113,806.3
26115,818.6
26117,841.2
26119,900.7
26121,866.2
26123,831.9
26125,722.8
26127,780.3
26129,943.7
26131,862.6
26133,820.3
26135,894.7
26137,790.9
26139,644.8
26141,757
26143,903.8
26145,849.8
26147,858.3
26149,865.4
26151,836.7
26153,827.3
26155,854.8
26157,842.1
26159,858.8
26161,679.7
26163,955.8
26165,837.3
27001,713.6
27003,652.6
27005,786
27007,795.7
27009,794.9
27011,738.4
27013,681.5
27015,669.5
27017,819.8
27019,582.5
27021,773.2
27023,712.4
27025,724.1
27027,700
27029,807.1
27031,597.2
27033,673.2
27035,700.6
27037,624.8
27039,646.7
27041,665.1
27043,718
27045,676.4
27047,703
27049,714.3
27051,715.7
27053,675.7
27055,634.8
27057,660.6
27059,708.8
27061,761
27063,627.6
27065,728.9
27067,651.6
27069,783.3
27071,761.6
27073,651.7
27075,740.5
27077,743.9
27079,671.5
27081,698.9
27083,689.7
27085,664.8
27087,904.7
27089,586.6
27091,664.4
27093,696.8
27095,837.6
27097,710.1
27099,657.1
27101,621.8
27103,621.8
27105,626.8
27107,817.8
27109,593.4
27111,693.2
27113,722.5
27115,736.4
27117,717.4
27119,793.6
27121,688
27123,728
27125,692.6
27127,726.8
27129,762.3
27131,686.8
27133,761.6
27135,714.2
27137,781
27139,632.9
27141,710.8
27143,673.7
27145,607.4
27147,639.6
27149,588.4
27151,687.3
27153,650
27155,708.3
27157,625.2
27159,847.4
27161,668.6
27163,630.4
27165,684.6
27167,810.7
27169,688.4
27171,679
27173,674.4
28001,1037.9
28003,1039.9
28005,879.2
28007,1067.6
28009,990.9
28011,1212.5
28013,970.6
28015,822.3
28017,954.9
28019,869.4
28021,1074.8
28023,1012.2
28025,932.1
28027,1189.4
28029,984.2
28031,1119.3
28033,879.3
28035,1038.6
28037,956.6
28039,1186.6
28041,989.6
28043,1163
28045,886.7
28047,994.5
28049,919.1
28051,1172.5
28053,1135.8
28055,842.1
28057,1033.3
28059,953.7
28061,939.5
28063,1000.8
28065,998.1
28067,987.6
28069,805.8
28071,887.7
28073,788.8
28075,1010.4
28077,1074.7
28079,1024.2
28081,1024.6
28083,1168.1
28085,1051.3
28087,924
28089,1128.7
28091,1113.4
28093,1053.9
28095,948.1
28097,1027.6
28099,1114.9
28101,1002.4
28103,951
28105,825.3
28107,1078.9
28109,1007.6
28111,1026.6
28113,1094.4
28115,863.4
28117,928.6
28119,1189.6
28121,772.7
28123,980.2
28125,1072.7
28127,1006.2
28129,950.6
28131,1082.2
28133,1185.9
28135,1000.4
28137,991.3
28139,1086.6
28141,1109.2
28143,1253.3
28145,913.9
28147,981.9
28149,1030.9
28151,1179.4
28153,963.9
28155,1172
28157,1163.3
28159,964.1
28161,1092.9
28163,1033
29001,842.3
29003,776.4
29005,847.1
29007,891.6
29009,900.8
29011,817
29013,907.5
29015,915.2
29017,898.1
29019,727.5
29021,912.9
29023,1039.9
29025,870.9
29027,839.5
29029,758.2
29031,833.5
29033,884.4
29035,1067.8
29037,799
29039,924.7
29041,784.9
29043,773.5
29045,866.8
29047,770.1
29049,938.8
29051,788.5
29053,828.9
29055,951.8
29057,942.6
29059,893.4
29061,848.5
29063,812.7
29065,916.3
29067,848.9
29069,1156.4
29071,875.5
29073,879.3
29075,838.9
29077,831.5
29079,843.9
29081,828.1
29083,953.6
29085,846.5
29087,754.1
29089,796.7
29091,967.7
29093,1135.4
29095,864.6
29097,932
29099,935.6
29101,841
29103,858.1
29105,949.2
29107,866.7
29109,913
29111,872.5
29113,892.4
29115,911.4
29117,832.9
29119,994.5
29121,870.9
29123,1007.5
29125,864.2
29127,898.3
29129,757.2
29131,895
29133,1075.3
29135,837.3
29137,792.1
29139,928.7
29141,940.5
29143,1072.7
29145,888
29147,740.5
29149,920.6
29151,776.4
29153,907.3
29155,1152.2
29157,793.5
29159,856.9
29161,909.9
29163,885.3
29165,694.5
29167,906
29169,944.4
29171,876.2
29173,751
29175,956.4
29177,922.6
29179,940.6
29181,1042.7
29183,709.4
29185,862.7
29186,793.1
29187,1023.7
29189,778.4
29195,874.1
29197,833.6
29199,848.7
29201,939.8
29203,904.2
29205,858.7
29207,937.8
29209,770.9
29211,894.3
29213,809.8
29215,863.1
29217,918.7
29219,771.2
29221,1062.2
29223,1006.7
29225,854.7
29227,792.4
29229,956.3
29510,1036.8
30001,699.6
30003,1132.5
30005,972.1
30007,746.4
30009,679.8
30011,701.8
30013,809.5
30015,744.8
30017,849.2
30019,675.5
30021,800.4
30023,925.5
30025,796.9
30027,807.7
30029,769.2
30031,626.9
30033,667.7
30035,1076.1
30037,688.9
30039,605
30041,867.8
30043,825.9
30045,596.6
30047,794.1
30049,755.8
30051,525.2
30053,822.1
30055,678
30057,675.9
30059,787
30061,813.5
30063,740.2
30065,884.5
30067,717.3
30069,518.3
30071,803.3
30073,801.4
30075,664.2
30077,845.6
30079,770.2
30081,716.8
30083,835.3
30085,1262.5
30087,960.7
30089,789.9
30091,836.3
30093,930.3
30095,730.5
30097,641.3
30099,690.4
30101,811.1
30103,624.2
30105,756.8
30107,753.2
30109,893.9
30111,781.1
31001,736.7
31003,656.6
31005,642
31007,398.1
31009,639
31011,673.1
31013,806.8
31015,735.9
31017,671.1
31019,708.8
31021,798.8
31023,770.5
31025,774
31027,657.1
31029,775.5
31031,695.9
31033,767.5
31035,792.9
31037,664.7
31039,644.3
31041,754.4
31043,822.8
31045,746.3
31047,762
31049,736.2
31051,737.9
31053,787.1
31055,789.2
31057,783.2
31059,777.9
31061,779.8
31063,546
31065,818.2
31067,787.2
31069,815.5
31071,785.3
31073,740.3
31075,783.5
31077,686.1
31079,791.7
31081,706.5
31083,699.4
31085,489
31087,821.8
31089,710.1
31091,681.7
31093,717.1
31095,779.2
31097,757.6
31099,733.3
31101,761.8
31103,510.4
31105,853.8
31107,757.7
31109,706
31111,775
31113,759.7
31115,688.1
31117,460
31119,781.3
31121,745.1
31123,818.4
31125,889
31127,789.8
31129,751.2
31131,717.1
31133,741.4
31135,685
31137,735.2
31139,712.8
31141,684.4
31143,678.9
31145,760.1
31147,842.3
31149,734
31151,777
31153,696.2
31155,747.7
31157,851.3
31159,754.3
31161,785.5
31163,734.4
31165,394.7
31167,655.6
31169,770.3
31171,589.7
31173,1129.4
31175,702.1
31177,712.6
31179,558.6
31181,839.4
31183,557.6
31185,702.9
32001,941.1
32003,802.1
32005,641.6
32007,786.9
32009,809.6
32011,727.3
32013,894.7
32015,849.9
32017,807.4
32019,909.2
32021,1082.6
32023,1023.1
32027,789.2
32029,525.2
32031,819.6
32033,845.7
32510,956.4
33001,796.9
33003,688.8
33005,742.7
33007,852.8
33009,677.2
33011,731.6
33013,731.7
33015,698.8
33017,778.3
33019,751.4
34001,858.7
34003,617.3
34005,755.8
34007,844.2
34009,839.2
34011,931.1
34013,797.5
34015,849.2
34017,716.7
34019,616
34021,728.3
34023,678
34025,733.9
34027,640.1
34029,763.2
34031,741.8
34033,898.6
34035,635.1
34037,763.8
34039,703.2
34041,741.3
35001,764.3
35003,646.8
35005,889.1
35006,884.3
35007,761.2
35009,866.4
35011,844.6
35013,721.4
35015,916.5
35017,781.3
35019,822.2
35021,539.1
35023,822.4
35025,911.6
35027,670
35028,534.5
35029,877.4
35031,973.3
35033,718.3
35035,803.5
35037,966.9
35039,900.3
35041,836.7
35043,699.7
35045,816.1
35047,832
35049,625.6
35051,1006.5
35053,859.5
35055,670
35057,825.9
35059,803
35061,817.4
36001,744.2
36003,808.7
36005,775
36007,775.3
36009,842.7
36011,729.9
36013,805.8
36015,837.7
36017,832.6
36019,779.5
36021,752.3
36023,817.1
36025,770.1
36027,706.8
36029,808.2
36031,737.3
36033,802.8
36035,802.7
36037,784.7
36039,804.1
36041,799.7
36043,773
36045,803.4
36047,683
36049,731
36051,721.2
36053,728
36055,720.3
36057,823.5
36059,629.1
36061,597.5
36063,835.8
36065,790.5
36067,749.2
36069,732.2
36071,744.8
36073,813.4
36075,834.5
36077,731.7
36079,649.9
36081,613
36083,812.2
36085,736
36087,628.5
36089,824.8
36091,674.7
36093,757.8
36095,708.9
36097,786.5
36099,764.9
36101,806.3
36103,710.7
36105,842.2
36107,723.1
36109,675.2
36111,728.1
36113,742.1
36115,797.7
36117,775.6
36119,604.3
36121,796.9
36123,785.1
37001,846.7
37003,841.7
37005,815.5
37007,967.6
37009,809.7
37011,838.9
37013,909.5
37015,937.4
37017,985
37019,758.9
37021,782.3
37023,864.5
37025,839
37027,927.6
37029,777.8
37031,819.5
37033,905.6
37035,898.9
37037,645.3
37039,850.1
37041,869.9
37043,782.4
37045,1006.1
37047,1043.2
37049,862.7
37051,911.9
37053,862.4
37055,762.1
37057,894.9
37059,777.2
37061,839.9
37063,756.2
37065,992.5
37067,817.2
37069,832.4
37071,977.2
37073,886.5
37075,876.9
37077,847.2
37079,873.4
37081,788.6
37083,981.4
37085,890.6
37087,822.6
37089,747.6
37091,927.9
37093,936
37095,871.6
37097,867.1
37099,792.7
37101,855.2
37103,904.6
37105,873.4
37107,1003.8
37109,883.3
37111,843.4
37113,790.5
37115,835.7
37117,1068.6
37119,732
37121,916.7
37123,857.9
37125,717
37127,946.2
37129,754.1
37131,899.1
37133,854.3
37135,674.1
37137,797.6
37139,904
37141,810.1
37143,805.9
37145,899.8
37147,838
37149,746.4
37151,883.2
37153,1053.8
37155,1053.2
37157,945.3
37159,932.6
37161,948.2
37163,926.6
37165,989
37167,915.8
37169,866.8
37171,909
37173,1088
37175,684
37177,833.7
37179,768.6
37181,995.3
37183,664.2
37185,831.1
37187,899.7
37189,668.5
37191,931.7
37193,864.3
37195,917.7
37197,880.3
37199,801.8
38001,712.1
38003,758.3
38005,1024.3
38007,433.4
38009,763.7
38011,770.9
38013,700.9
38015,660
38017,674
38019,674.3
38021,734.4
38023,632
38025,715.3
38027,932.5
38029,710.9
38031,764
38033,562.2
38035,749.8
38037,708.9
38039,740.6
38041,672
38043,630.6
38045,617.6
38047,681.1
38049,714.6
38051,693.4
38053,774.1
38055,765.4
38057,693.2
38059,767.1
38061,981.7
38063,882.9
38065,502.5
38067,675.2
38069,705.8
38071,811.4
38073,837.7
38075,727.4
38077,646.4
38079,1092.1
38081,647.3
38083,475.9
38085,1337.5
38087,405.1
38089,663.4
38091,573.6
38093,767.2
38095,709.2
38097,721.4
38099,777
38101,735
38103,726
38105,764.3
39001,1030.9
39003,856.7
39005,801.4
39007,913.4
39009,899.7
39011,800.6
39013,904.9
39015,956.1
39017,865.9
39019,809.9
39021,878.3
39023,965.1
39025,819.2
39027,915.6
39029,897.5
39031,879.8
39033,898
39035,850.6
39037,822.7
39039,803.8
39041,654.3
39043,853.6
39045,813.3
39047,1033.5
39049,873.4
39051,791.9
39053,987
39055,657.5
39057,759.2
39059,927.8
39061,877.6
39063,781.2
39065,919.4
39067,931
39069,767.8
39071,935.3
39073,921.9
39075,743.2
39077,883.3
39079,1068.4
39081,993.8
39083,843.2
39085,786.1
39087,1056.4
39089,850.1
39091,900
39093,810.9
39095,909.9
39097,895.6
39099,887.6
39101,918.4
39103,725.2
39105,968.1
39107,764
39109,819.8
39111,852.7
39113,899.3
39115,853.6
39117,803
39119,901.3
39121,656.6
39123,797.6
39125,844.4
39127,929.9
39129,908.1
39131,1011.8
39133,812.4
39135,887.8
39137,732.7
39139,854.9
39141,977.8
39143,855.2
39145,1056.7
39147,843.4
39149,805.3
39151,832.9
39153,846.9
39155,881.4
39157,817.5
39159,790.4
39161,815.1
39163,988.2
39165,778
39167,874.6
39169,797.1
39171,797.5
39173,789.6
39175,811.8
40001,1068.2
40003,794.2
40005,936.1
40007,770.7
40009,1058.8
40011,1001.9
40013,958.1
40015,1089.4
40017,814.7
40019,1076.4
40021,951.5
40023,1112.6
40025,866.8
40027,786.8
40029,1090.5
40031,935.1
40033,1004.4
40035,1040.2
40037,989.8
40039,975.7
40041,916.4
40043,1061.3
40045,869.2
40047,932.8
40049,1059.1
40051,939.2
40053,910.7
40055,930.7
40057,1009.7
40059,913.9
40061,992.7
40063,1063.5
40065,972.1
40067,1091.7
40069,1056
40071,977.2
40073,869.9
40075,1179.6
40077,921.9
40079,1054.8
40081,944.6
40083,786.5
40085,943.9
40087,931.2
40089,1095.7
40091,981.9
40093,880.6
40095,901.8
40097,976.3
40099,1048
40101,1071.8
40103,892
40105,929.1
40107,1147.1
40109,936.6
40111,1044.7
40113,784.5
40115,1073.6
40117,1011.4
40119,816.9
40121,1013.9
40123,1010.7
40125,1024.4
40127,1018.5
40129,788
40131,861.9
40133,1106.5
40135,1032.6
40137,976.2
40139,880.2
40141,976.2
40143,906.3
40145,786.9
40147,854
40149,905.1
40151,891.4
40153,892.6
41001,815.8
41003,606.8
41005,700.4
41007,797.2
41009,781.9
41011,888.5
41013,752
41015,858
41017,668.9
41019,830.4
41021,673.1
41023,708.3
41025,794.1
41027,710.7
41029,761.8
41031,848
41033,856
41035,895.4
41037,805.5
41039,757
41041,810
41043,823.9
41045,799.9
41047,767
41049,736
41051,786.7
41053,669.6
41055,661
41057,771.9
41059,801.6
41061,754.4
41063,679.8
41065,850.9
41067,625.5
41069,674.4
41071,736.5
42001,751.2
42003,822.1
42005,850
42007,848.4
42009,774.9
42011,752.9
42013,885.2
42015,798.7
42017,734.5
42019,787.2
42021,859.5
42023,776.2
42025,889.2
42027,647.9
42029,674.9
42031,843.6
42033,820.3
42035,819.1
42037,801.9
42039,858.6
42041,728.4
42043,798.2
42045,803.8
42047,787.9
42049,821.1
42051,912.5
42053,890.4
42055,739
42057,805.1
42059,914.1
42061,787.5
42063,805.9
42065,850.4
42067,745.6
42069,872.7
42071,713.7
42073,846.2
42075,763.9
42077,747
42079,890.7
42081,811.1
42083,886.3
42085,837.4
42087,809.9
42089,786.8
42091,699.3
42093,815.8
42095,713.5
42097,849.9
42099,860.4
42101,960.3
42103,677.5
42105,801.5
42107,918.4
42109,706.2
42111,816.2
42113,935.6
42115,826.2
42117,784.1
42119,660.1
42121,858.4
42123,824.5
42125,849.4
42127,843.7
42129,809.2
42131,847.3
42133,755.3
44001,691.4
44003,779.4
44005,666.8
44007,767.1
44009,680.4
45001,856.9
45003,871.5
45005,1066.1
45007,936.9
45009,973.6
45011,1031.6
45013,598.9
45015,805.4
45017,904.1
45019,797.7
45021,1024.7
45023,1023.7
45025,1000
45027,911.8
45029,1064.8
45031,1044.7
45033,1091.6
45035,817.6
45037,790.5
45039,1049.6
45041,1020.6
45043,843.8
45045,820.2
45047,883.9
45049,1002.2
45051,844.9
45053,824.9
45055,887.9
45057,838.2
45059,998.3
45061,1095.9
45063,828.4
45065,896.9
45067,1102.5
45069,1129.9
45071,909.6
45073,854.4
45075,995.9
45077,869
45079,862.6
45081,855
45083,943.4
45085,941.9
45087,1045.2
45089,1047
45091,850.2
46003,701.2
46005,758.5
46007,992.7
46009,652.5
46011,659.7
46013,711.6
46015,718.8
46017,1546.7
46019,813.8
46021,539.7
46023,830.2
46025,698.7
46027,764.3
46029,699.5
46031,1237.6
46033,682
46035,717.8
46037,787.1
46039,687.2
46041,1310.5
46043,656.9
46045,668.2
46047,939.6
46049,655.4
46051,771.1
46053,792.4
46055,716.5
46057,798.9
46059,622.8
46061,650.1
46063,555.2
46065,726.3
46067,707.6
46069,766.7
46071,992.1
46073,640.9
46075,577.3
46077,789.5
46079,654.4
46081,670.2
46083,556.8
46085,849.1
46087,808
46089,652.5
46091,675.9
46093,766.7
46095,1156.8
46097,734
46099,758
46101,691.9
46103,699.2
46105,750.2
46107,722.7
46109,854.1
46111,720.3
46113,1558.7
46115,743.8
46117,565.8
46119,522.7
46121,1346.2
46123,760.3
46125,752.6
46127,679.6
46129,821.5
46135,697.2
46137,791.8
47001,889.3
47003,988.5
47005,1071.8
47007,867
47009,852.2
47011,904.7
47013,1064.9
47015,971.1
47017,1103.2
47019,925.3
47021,995.6
47023,883.5
47025,1074.6
47027,1010
47029,1120.7
47031,1006.3
47033,999.8
47035,814.7
47037,890.3
47039,996.7
47041,1034.5
47043,957.1
47045,1045
47047,829.8
47049,1103.2
47051,908.5
47053,1075.8
47055,981.9
47057,1043.3
47059,990.5
47061,1161.2
47063,978.5
47065,850
47067,1127.4
47069,991.4
47071,1033.1
47073,962.1
47075,985.1
47077,1035.6
47079,1030.2
47081,1003.6
47083,1037.4
47085,1012.4
47087,1028.3
47089,939.6
47091,946.5
47093,883.5
47095,1153.6
47097,1046.6
47099,1000.9
47101,1002.2
47103,977.6
47105,816.4
47107,976.8
47109,1075.8
47111,1053.6
47113,897.6
47115,1026.4
47117,971.4
47119,932.5
47121,1061.4
47123,950.5
47125,927
47127,719.7
47129,964.8
47131,982.7
47133,1056.9
47135,1048.8
47137,919.9
47139,1059.7
47141,934.4
47143,998.3
47145,937.9
47147,971.9
47149,838.3
47151,1067.7
47153,893.6
47155,888.7
47157,946.4
47159,1025.2
47161,989.2
47163,922
47165,832.3
47167,987.9
47169,1071.6
47171,1021.5
47173,978.5
47175,976.6
47177,1009.4
47179,916.1
47181,934.1
47183,911.8
47185,1021.9
47187,652.2
47189,838.2
48001,1069.4
48003,919.9
48005,918.6
48007,890.1
48009,722.5
48011,913.4
48013,829.6
48015,803.3
48017,799
48019,700.4
48021,819.9
48023,974.3
48025,842.8
48027,813.9
48029,782
48031,761
48033,512.6
48035,897.3
48037,952.7
48039,808.2
48041,718
48043,681.6
48045,779.1
48047,940.2
48049,976.4
48051,814.8
48053,759.8
48055,817.5
48057,830.1
48059,900.2
48061,671.8
48063,991.8
48065,820.2
48067,950
48069,753.8
48071,871
48073,911.7
48075,935.8
48077,827.8
48079,951
48081,928.5
48083,1015.1
48085,624.4
48087,983.1
48089,845.7
48091,732.1
48093,884.7
48095,722.3
48097,856.4
48099,868.2
48101,920.9
48103,937.5
48105,903.9
48107,931
48109,716.7
48111,925.7
48113,793.2
48115,918.8
48117,835.7
48119,967.5
48121,676.6
48123,869
48125,859
48127,794.3
48129,933.4
48131,899.2
48133,975.6
48135,1000.1
48137,730.4
48139,856.1
48141,726.1
48143,806.1
48145,902.1
48147,988.8
48149,760.6
48151,815.3
48153,853
48155,833.9
48157,608.7
48159,819.4
48161,872.2
48163,835.5
48165,819.7
48167,866.6
48169,892.7
48171,657.9
48173,537.8
48175,721.3
48177,864.6
48179,967.7
48181,922
48183,963.4
48185,885.2
48187,718.6
48189,868.6
48191,944.1
48193,897.2
48195,887.8
48197,815.4
48199,942.7
48201,769.6
48203,905.5
48205,657.1
48207,867.6
48209,697.2
48211,800.9
48213,942.4
48215,637.7
48217,904.9
48219,913.2
48221,802.8
48223,906.5
48225,911.2
48227,1021.9
48229,561.9
48231,919.6
48233,980.6
48235,642.8
48237,913.6
48239,851.1
48241,962.1
48243,533.5
48245,936.8
48247,873.4
48249,913.1
48251,907.3
48253,897.3
48255,886.3
48257,950.5
48259,698.4
48261,733.9
48263,819.2
48265,782.9
48267,822.5
48269,548.7
48271,678.9
48273,882.3
48275,923.2
48277,967.8
48279,937.2
48281,836
48283,836.3
48285,773.7
48287,804.8
48289,891.2
48291,1055
48293,983.4
48295,775.4
48297,709.1
48299,758.7
48303,896.7
48305,889.5
48307,922.1
48309,850.6
48311,682.3
48313,897
48315,1004.6
48317,972
48319,714.1
48321,913.8
48323,783.1
48325,769.8
48327,841.7
48329,784.4
48331,876.6
48333,797.4
48335,1009.4
48337,1010.6
48339,773.7
48341,817.3
48343,998.7
48345,859
48347,919.2
48349,959.1
48351,959.1
48353,986.5
48355,806.4
48357,924.1
48359,796.1
48361,1034.8
48363,970.5
48365,958.6
48367,851.6
48369,780.7
48371,839.9
48373,1102.4
48375,1064.1
48377,450.8
48379,870.7
48381,769.4
48383,913.2
48385,913.3
48387,1019.2
48389,836.1
48391,901.6
48393,935.8
48395,907.7
48397,730.1
48399,889.6
48401,894.9
48403,956.9
48405,963.4
48407,851.7
48409,910
48411,791.9
48413,882.7
48415,894
48417,816.3
48419,1003.1
48421,786.6
48423,814.5
48425,833
48427,756
48429,891.2
48431,825.5
48433,857
48435,804.2
48437,843.3
48439,792.7
48441,917.5
48443,863.7
48445,925.9
48447,815.1
48449,879.8
48451,849.8
48453,674.6
48455,1022.7
48457,921.7
48459,964.1
48461,850.6
48463,790.2
48465,760
48467,923.5
48469,820.6
48471,831.4
48473,802
48475,918.7
48477,758
48479,712.3
48481,860
48483,983.7
48485,961.2
48487,978.9
48489,739.7
48491,629
48493,755.8
48495,1053.3
48497,910
48499,891.6
48501,837.6
48503,997.5
48505,732.5
48507,868.4
49001,942.1
49003,777.3
49005,638.3
49007,928
49009,556
49011,700.3
49013,862.8
49015,844.5
49017,729.9
49019,768.7
49021,767.5
49023,825.5
49025,759.8
49027,753.7
49029,671.5
49031,745.2
49033,570.7
49035,745.8
49037,747.9
49039,761.6
49041,854.5
49043,577.4
49045,824.3
49047,846.6
49049,705.8
49051,715.5
49053,606.8
49055,743.2
49057,797.7
50001,691.2
50003,772.9
50005,758
50007,659.3
50009,743
50011,806.7
50013,787.4
50015,739.5
50017,725.5
50019,782.1
50021,801.8
50023,717.7
50025,745.7
50027,717.5
51001,944
51003,610.9
51005,943.5
51007,915.3
51009,822.3
51011,846.7
51013,573.9
51015,721.3
51017,904.4
51019,763.2
51021,946.9
51023,767.7
51025,941.7
51027,1075.3
51029,858
51031,784.9
51033,854.6
51035,841.9
51036,874.3
51037,936.8
51041,747.2
51043,804
51045,782.2
51047,833.4
51049,781.9
51051,1057.3
51053,854.8
51057,890.1
51059,521
51061,755.4
51063,777.1
51065,678.5
51067,787.2
51069,730.8
51071,974.3
51073,845.5
51075,701.3
51077,902
51079,763.9
51081,1044.7
51083,926.8
51085,748.9
51087,765.9
51089,910.3
51091,725.5
51093,820.8
51095,588.8
51097,858.4
51099,781.6
51101,885.6
51103,827.9
51105,1008.8
51107,555.3
51109,814.6
51111,911
51113,772.5
51115,790.9
51117,935.5
51119,818.6
51121,756.4
51125,838.7
51127,799
51131,953.8
51133,759.1
51135,973
51137,805.9
51139,891.3
51141,888.4
51143,842.8
51145,736
51147,882.6
51149,698.9
51153,649.3
51155,950.7
51157,691.4
51159,873
51161,750.6
51163,718.3
51165,692.6
51167,1001.9
51169,971.8
51171,785.2
51173,996.1
51175,841.4
51177,731.7
51179,732.6
51181,835.5
51183,1006.1
51185,1055.7
51187,900.3
51191,874.1
51193,889.9
51195,1098.9
51197,948.3
51199,641.8
51510,621
51515,921.4
51520,1056.3
51530,988.6
51540,815.4
51550,830.7
51560,1077.7
51570,882.2
51580,1089.4
51590,1091.3
51595,1117.2
51600,818
51610,660.2
51620,1157
51630,906.2
51640,1148.2
51650,877.1
51660,742
51670,1113.6
51678,832.8
51680,888.7
51683,838.7
51685,499.1
51690,1223.8
51700,889.5
51710,965.4
51720,978.5
51730,1237.4
51735,750.5
51740,1011.1
51750,957.3
51760,962.5
51770,1017
51775,952.8
51790,917.4
51800,896.6
51810,719.9
51820,896.1
51830,787.8
51840,880.4
53001,744.7
53003,747.3
53005,722.6
53007,691
53009,737.5
53011,737.4
53013,787.4
53015,852.4
53017,668.8
53019,805.1
53021,717.4
53023,672.4
53025,760.7
53027,887.3
53029,628.8
53031,637
53033,639.3
53035,733
53037,661.7
53039,675.3
53041,831
53043,696.4
53045,781.1
53047,795.1
53049,852.1
53051,830.7
53053,791.5
53055,491.6
53057,728.8
53059,647.1
53061,718.5
53063,791.9
53065,781.9
53067,713.2
53069,747.3
53071,728.3
53073,679
53075,680.2
53077,802
54001,936.7
54003,927.6
54005,1145.9
54007,888.8
54009,924.3
54011,1031.7
54013,882.5
54015,1036.9
54017,845.5
54019,1051.9
54021,867.4
54023,807.7
54025,941.6
54027,859.1
54029,946.6
54031,892.2
54033,963.3
54035,904.5
54037,858.1
54039,1001.9
54041,1035.6
54043,1124.3
54045,1231.3
54047,1297.7
54049,915.8
54051,884.4
54053,981.3
54055,1054.6
54057,920.1
54059,1256.7
54061,793.4
54063,880.3
54065,893.8
54067,984.5
54069,900.3
54071,750
54073,963.5
54075,895.5
54077,883.3
54079,894.2
54081,1016.6
54083,906.9
54085,925.1
54087,994.5
54089,936.2
54091,896.3
54093,861.1
54095,912.7
54097,883
54099,954.2
54101,988.4
54103,947.7
54105,882.3
54107,929.7
54109,1167.1
55001,795.1
55003,893.4
55005,754.8
55007,713.6
55009,713.1
55011,699.2
55013,744.8
55015,680.2
55017,731.3
55019,732.5
55021,771
55023,742.4
55025,652.4
55027,794.5
55029,676.3
55031,819.1
55033,668.1
55035,721.6
55037,799.8
55039,721
55041,851.2
55043,763.5
55045,719.1
55047,794.8
55049,719.1
55051,745.3
55053,805
55055,712
55057,814.1
55059,824.6
55061,638.9
55063,727.7
55065,666
55067,753
55069,776.3
55071,736.8
55073,686.4
55075,801.2
55077,788.9
55078,1148.1
55079,860.2
55081,800.8
55083,758.5
55085,766.6
55087,708.4
55089,642.4
55091,667.7
55093,681.9
55095,745.1
55097,660.2
55099,783.9
55101,782.8
55103,679.9
55105,798.3
55107,778.6
55109,706
55111,742.9
55113,851.9
55115,769.7
55117,751
55119,639.2
55121,749.8
55123,729.3
55125,747.7
55127,770.2
55129,794.9
55131,677
55133,666.2
55135,887.2
55137,740.3
55139,726.9
55141,707.8
56001,702.7
56003,872
56005,847.7
56007,860.8
56009,783.9
56011,684.4
56013,932.2
56015,727.1
56017,918.3
56019,714.5
56021,791.1
56023,711
56025,838.5
56027,796.5
56029,686.8
56031,779.3
56033,803.7
56035,631.4
56037,850
56039,483.9
56041,822.6
56043,759.6
56045,738.8
